DATAFLOW,LAST UPDATE,freq,unit,s_adj,na_item,geo,TIME_PERIOD,OBS_VALUE,OBS_FLAG
ESTAT:NAMQ_10_LP_ULC(1.0),24/02/23 23:00:00,Q,I15,SCA,RLPR_PER,AT,2019-Q1,102.871,
ESTAT:NAMQ_10_LP_ULC(1.0),24/02/23 23:00:00,Q,I15,SCA,RLPR_PER,AT,2019-Q2,102.45,
ESTAT:NAMQ_10_LP_ULC(1.0),24/02/23 23:00:00,Q,I15,SCA,RLPR_PER,AT,2019-Q3,102.642,
ESTAT:NAMQ_10_LP_ULC(1.0),24/02/23 23:00:00,Q,I15,SCA,RLPR_PER,AT,2019-Q4,101.961,
ESTAT:NAMQ_10_LP_ULC(1.0),24/02/23 23:00:00,Q,I15,SCA,RLPR_PER,AT,2020-Q1,99.752,
ESTAT:NAMQ_10_LP_ULC(1.0),24/02/23 23:00:00,Q,I15,SCA,RLPR_PER,AT,2020-Q2,92.142,
ESTAT:NAMQ_10_LP_ULC(1.0),24/02/23 23:00:00,Q,I15,SCA,RLPR_PER,AT,2020-Q3,99.55,
ESTAT:NAMQ_10_LP_ULC(1.0),24/02/23 23:00:00,Q,I15,SCA,RLPR_PER,AT,2020-Q4,97.749,
ESTAT:NAMQ_10_LP_ULC(1.0),24/02/23 23:00:00,Q,I15,SCA,RLPR_PER,AT,2021-Q1,97.391,
ESTAT:NAMQ_10_LP_ULC(1.0),24/02/23 23:00:00,Q,I15,SCA,RLPR_PER,AT,2021-Q2,99.456,
ESTAT:NAMQ_10_LP_ULC(1.0),24/02/23 23:00:00,Q,I15,SCA,RLPR_PER,AT,2021-Q3,102.194,
ESTAT:NAMQ_10_LP_ULC(1.0),24/02/23 23:00:00,Q,I15,SCA,RLPR_PER,AT,2021-Q4,100.566,
ESTAT:NAMQ_10_LP_ULC(1.0),24/02/23 23:00:00,Q,I15,SCA,RLPR_PER,AT,2022-Q1,101.025,
ESTAT:NAMQ_10_LP_ULC(1.0),24/02/23 23:00:00,Q,I15,SCA,RLPR_PER,AT,2022-Q2,102.586,
ESTAT:NAMQ_10_LP_ULC(1.0),24/02/23 23:00:00,Q,I15,SCA,RLPR_PER,AT,2022-Q3,102.705,
ESTAT:NAMQ_10_LP_ULC(1.0),24/02/23 23:00:00,Q,I15,SCA,RLPR_PER,AT,2022-Q4,101.666,
ESTAT:NAMQ_10_LP_ULC(1.0),24/02/23 23:00:00,Q,I15,SCA,RLPR_PER,BE,2019-Q1,100.619,
ESTAT:NAMQ_10_LP_ULC(1.0),24/02/23 23:00:00,Q,I15,SCA,RLPR_PER,BE,2019-Q2,100.839,
ESTAT:NAMQ_10_LP_ULC(1.0),24/02/23 23:00:00,Q,I15,SCA,RLPR_PER,BE,2019-Q3,101.223,
ESTAT:NAMQ_10_LP_ULC(1.0),24/02/23 23:00:00,Q,I15,SCA,RLPR_PER,BE,2019-Q4,101.395,
ESTAT:NAMQ_10_LP_ULC(1.0),24/02/23 23:00:00,Q,I15,SCA,RLPR_PER,BE,2020-Q1,98.736,
ESTAT:NAMQ_10_LP_ULC(1.0),24/02/23 23:00:00,Q,I15,SCA,RLPR_PER,BE,2020-Q2,88.164,
ESTAT:NAMQ_10_LP_ULC(1.0),24/02/23 23:00:00,Q,I15,SCA,RLPR_PER,BE,2020-Q3,98.181,
ESTAT:NAMQ_10_LP_ULC(1.0),24/02/23 23:00:00,Q,I15,SCA,RLPR_PER,BE,2020-Q4,97.046,
ESTAT:NAMQ_10_LP_ULC(1.0),24/02/23 23:00:00,Q,I15,SCA,RLPR_PER,BE,2021-Q1,98.069,
ESTAT:NAMQ_10_LP_ULC(1.0),24/02/23 23:00:00,Q,I15,SCA,RLPR_PER,BE,2021-Q2,99.006,
ESTAT:NAMQ_10_LP_ULC(1.0),24/02/23 23:00:00,Q,I15,SCA,RLPR_PER,BE,2021-Q3,100.448,
ESTAT:NAMQ_10_LP_ULC(1.0),24/02/23 23:00:00,Q,I15,SCA,RLPR_PER,BE,2021-Q4,100.676,
ESTAT:NAMQ_10_LP_ULC(1.0),24/02/23 23:00:00,Q,I15,SCA,RLPR_PER,BE,2022-Q1,100.743,
ESTAT:NAMQ_10_LP_ULC(1.0),24/02/23 23:00:00,Q,I15,SCA,RLPR_PER,BE,2022-Q2,100.701,
ESTAT:NAMQ_10_LP_ULC(1.0),24/02/23 23:00:00,Q,I15,SCA,RLPR_PER,BE,2022-Q3,100.601,
ESTAT:NAMQ_10_LP_ULC(1.0),24/02/23 23:00:00,Q,I15,SCA,RLPR_PER,BG,2019-Q1,109.119,
ESTAT:NAMQ_10_LP_ULC(1.0),24/02/23 23:00:00,Q,I15,SCA,RLPR_PER,BG,2019-Q2,110.471,
ESTAT:NAMQ_10_LP_ULC(1.0),24/02/23 23:00:00,Q,I15,SCA,RLPR_PER,BG,2019-Q3,110.873,
ESTAT:NAMQ_10_LP_ULC(1.0),24/02/23 23:00:00,Q,I15,SCA,RLPR_PER,BG,2019-Q4,112.18,
ESTAT:NAMQ_10_LP_ULC(1.0),24/02/23 23:00:00,Q,I15,SCA,RLPR_PER,BG,2020-Q1,108.527,
ESTAT:NAMQ_10_LP_ULC(1.0),24/02/23 23:00:00,Q,I15,SCA,RLPR_PER,BG,2020-Q2,105.647,
ESTAT:NAMQ_10_LP_ULC(1.0),24/02/23 23:00:00,Q,I15,SCA,RLPR_PER,BG,2020-Q3,109.56,
ESTAT:NAMQ_10_LP_ULC(1.0),24/02/23 23:00:00,Q,I15,SCA,RLPR_PER,BG,2020-Q4,111.009,
ESTAT:NAMQ_10_LP_ULC(1.0),24/02/23 23:00:00,Q,I15,SCA,RLPR_PER,BG,2021-Q1,114.22,
ESTAT:NAMQ_10_LP_ULC(1.0),24/02/23 23:00:00,Q,I15,SCA,RLPR_PER,BG,2021-Q2,115.335,
ESTAT:NAMQ_10_LP_ULC(1.0),24/02/23 23:00:00,Q,I15,SCA,RLPR_PER,BG,2021-Q3,116.678,
ESTAT:NAMQ_10_LP_ULC(1.0),24/02/23 23:00:00,Q,I15,SCA,RLPR_PER,BG,2021-Q4,118.212,
ESTAT:NAMQ_10_LP_ULC(1.0),24/02/23 23:00:00,Q,I15,SCA,RLPR_PER,BG,2022-Q1,118.173,
ESTAT:NAMQ_10_LP_ULC(1.0),24/02/23 23:00:00,Q,I15,SCA,RLPR_PER,BG,2022-Q2,118.853,
ESTAT:NAMQ_10_LP_ULC(1.0),24/02/23 23:00:00,Q,I15,SCA,RLPR_PER,BG,2022-Q3,119.342,
ESTAT:NAMQ_10_LP_ULC(1.0),24/02/23 23:00:00,Q,I15,SCA,RLPR_PER,CH,2019-Q1,103.039,
ESTAT:NAMQ_10_LP_ULC(1.0),24/02/23 23:00:00,Q,I15,SCA,RLPR_PER,CH,2019-Q2,102.754,
ESTAT:NAMQ_10_LP_ULC(1.0),24/02/23 23:00:00,Q,I15,SCA,RLPR_PER,CH,2019-Q3,103.86,
ESTAT:NAMQ_10_LP_ULC(1.0),24/02/23 23:00:00,Q,I15,SCA,RLPR_PER,CH,2019-Q4,104.269,
ESTAT:NAMQ_10_LP_ULC(1.0),24/02/23 23:00:00,Q,I15,SCA,RLPR_PER,CH,2020-Q1,101.95,
ESTAT:NAMQ_10_LP_ULC(1.0),24/02/23 23:00:00,Q,I15,SCA,RLPR_PER,CH,2020-Q2,96.924,
ESTAT:NAMQ_10_LP_ULC(1.0),24/02/23 23:00:00,Q,I15,SCA,RLPR_PER,CH,2020-Q3,103.441,
ESTAT:NAMQ_10_LP_ULC(1.0),24/02/23 23:00:00,Q,I15,SCA,RLPR_PER,CH,2020-Q4,103.161,
ESTAT:NAMQ_10_LP_ULC(1.0),24/02/23 23:00:00,Q,I15,SCA,RLPR_PER,CH,2021-Q1,103.435,
ESTAT:NAMQ_10_LP_ULC(1.0),24/02/23 23:00:00,Q,I15,SCA,RLPR_PER,CH,2021-Q2,105.143,
ESTAT:NAMQ_10_LP_ULC(1.0),24/02/23 23:00:00,Q,I15,SCA,RLPR_PER,CH,2021-Q3,106.154,
ESTAT:NAMQ_10_LP_ULC(1.0),24/02/23 23:00:00,Q,I15,SCA,RLPR_PER,CH,2021-Q4,105.525,
ESTAT:NAMQ_10_LP_ULC(1.0),24/02/23 23:00:00,Q,I15,SCA,RLPR_PER,CH,2022-Q1,105.693,
ESTAT:NAMQ_10_LP_ULC(1.0),24/02/23 23:00:00,Q,I15,SCA,RLPR_PER,CH,2022-Q2,105.519,
ESTAT:NAMQ_10_LP_ULC(1.0),24/02/23 23:00:00,Q,I15,SCA,RLPR_PER,CH,2022-Q3,105.663,
ESTAT:NAMQ_10_LP_ULC(1.0),24/02/23 23:00:00,Q,I15,SCA,RLPR_PER,CY,2019-Q1,104.473,
ESTAT:NAMQ_10_LP_ULC(1.0),24/02/23 23:00:00,Q,I15,SCA,RLPR_PER,CY,2019-Q2,104.098,
ESTAT:NAMQ_10_LP_ULC(1.0),24/02/23 23:00:00,Q,I15,SCA,RLPR_PER,CY,2019-Q3,104.027,
ESTAT:NAMQ_10_LP_ULC(1.0),24/02/23 23:00:00,Q,I15,SCA,RLPR_PER,CY,2019-Q4,104.261,
ESTAT:NAMQ_10_LP_ULC(1.0),24/02/23 23:00:00,Q,I15,SCA,RLPR_PER,CY,2020-Q1,104.416,
ESTAT:NAMQ_10_LP_ULC(1.0),24/02/23 23:00:00,Q,I15,SCA,RLPR_PER,CY,2020-Q2,95.133,
ESTAT:NAMQ_10_LP_ULC(1.0),24/02/23 23:00:00,Q,I15,SCA,RLPR_PER,CY,2020-Q3,99.983,
ESTAT:NAMQ_10_LP_ULC(1.0),24/02/23 23:00:00,Q,I15,SCA,RLPR_PER,CY,2020-Q4,103.054,
ESTAT:NAMQ_10_LP_ULC(1.0),24/02/23 23:00:00,Q,I15,SCA,RLPR_PER,CY,2021-Q1,103.978,
ESTAT:NAMQ_10_LP_ULC(1.0),24/02/23 23:00:00,Q,I15,SCA,RLPR_PER,CY,2021-Q2,105.923,
ESTAT:NAMQ_10_LP_ULC(1.0),24/02/23 23:00:00,Q,I15,SCA,RLPR_PER,CY,2021-Q3,106.671,
ESTAT:NAMQ_10_LP_ULC(1.0),24/02/23 23:00:00,Q,I15,SCA,RLPR_PER,CY,2021-Q4,107.901,
ESTAT:NAMQ_10_LP_ULC(1.0),24/02/23 23:00:00,Q,I15,SCA,RLPR_PER,CY,2022-Q1,108.452,
ESTAT:NAMQ_10_LP_ULC(1.0),24/02/23 23:00:00,Q,I15,SCA,RLPR_PER,CY,2022-Q2,109.626,
ESTAT:NAMQ_10_LP_ULC(1.0),24/02/23 23:00:00,Q,I15,SCA,RLPR_PER,CY,2022-Q3,108.839,
ESTAT:NAMQ_10_LP_ULC(1.0),24/02/23 23:00:00,Q,I15,SCA,RLPR_PER,CY,2022-Q4,109.283,
ESTAT:NAMQ_10_LP_ULC(1.0),24/02/23 23:00:00,Q,I15,SCA,RLPR_PER,CZ,2019-Q1,108.187,
ESTAT:NAMQ_10_LP_ULC(1.0),24/02/23 23:00:00,Q,I15,SCA,RLPR_PER,CZ,2019-Q2,108.764,
ESTAT:NAMQ_10_LP_ULC(1.0),24/02/23 23:00:00,Q,I15,SCA,RLPR_PER,CZ,2019-Q3,109.956,
ESTAT:NAMQ_10_LP_ULC(1.0),24/02/23 23:00:00,Q,I15,SCA,RLPR_PER,CZ,2019-Q4,110.895,
ESTAT:NAMQ_10_LP_ULC(1.0),24/02/23 23:00:00,Q,I15,SCA,RLPR_PER,CZ,2020-Q1,107.478,
ESTAT:NAMQ_10_LP_ULC(1.0),24/02/23 23:00:00,Q,I15,SCA,RLPR_PER,CZ,2020-Q2,99.182,
ESTAT:NAMQ_10_LP_ULC(1.0),24/02/23 23:00:00,Q,I15,SCA,RLPR_PER,CZ,2020-Q3,106.103,
ESTAT:NAMQ_10_LP_ULC(1.0),24/02/23 23:00:00,Q,I15,SCA,RLPR_PER,CZ,2020-Q4,108.081,
ESTAT:NAMQ_10_LP_ULC(1.0),24/02/23 23:00:00,Q,I15,SCA,RLPR_PER,CZ,2021-Q1,106.995,
ESTAT:NAMQ_10_LP_ULC(1.0),24/02/23 23:00:00,Q,I15,SCA,RLPR_PER,CZ,2021-Q2,107.774,
ESTAT:NAMQ_10_LP_ULC(1.0),24/02/23 23:00:00,Q,I15,SCA,RLPR_PER,CZ,2021-Q3,109.12,
ESTAT:NAMQ_10_LP_ULC(1.0),24/02/23 23:00:00,Q,I15,SCA,RLPR_PER,CZ,2021-Q4,109.984,
ESTAT:NAMQ_10_LP_ULC(1.0),24/02/23 23:00:00,Q,I15,SCA,RLPR_PER,CZ,2022-Q1,110.319,
ESTAT:NAMQ_10_LP_ULC(1.0),24/02/23 23:00:00,Q,I15,SCA,RLPR_PER,CZ,2022-Q2,108.991,
ESTAT:NAMQ_10_LP_ULC(1.0),24/02/23 23:00:00,Q,I15,SCA,RLPR_PER,CZ,2022-Q3,108.848,
ESTAT:NAMQ_10_LP_ULC(1.0),24/02/23 23:00:00,Q,I15,SCA,RLPR_PER,CZ,2022-Q4,108.799,
ESTAT:NAMQ_10_LP_ULC(1.0),24/02/23 23:00:00,Q,I15,SCA,RLPR_PER,DE,2019-Q1,102.527,
ESTAT:NAMQ_10_LP_ULC(1.0),24/02/23 23:00:00,Q,I15,SCA,RLPR_PER,DE,2019-Q2,102.12,
ESTAT:NAMQ_10_LP_ULC(1.0),24/02/23 23:00:00,Q,I15,SCA,RLPR_PER,DE,2019-Q3,102.194,
ESTAT:NAMQ_10_LP_ULC(1.0),24/02/23 23:00:00,Q,I15,SCA,RLPR_PER,DE,2019-Q4,102.343,
ESTAT:NAMQ_10_LP_ULC(1.0),24/02/23 23:00:00,Q,I15,SCA,RLPR_PER,DE,2020-Q1,100.816,
ESTAT:NAMQ_10_LP_ULC(1.0),24/02/23 23:00:00,Q,I15,SCA,RLPR_PER,DE,2020-Q2,92.501,
ESTAT:NAMQ_10_LP_ULC(1.0),24/02/23 23:00:00,Q,I15,SCA,RLPR_PER,DE,2020-Q3,100.929,
ESTAT:NAMQ_10_LP_ULC(1.0),24/02/23 23:00:00,Q,I15,SCA,RLPR_PER,DE,2020-Q4,101.443,
ESTAT:NAMQ_10_LP_ULC(1.0),24/02/23 23:00:00,Q,I15,SCA,RLPR_PER,DE,2021-Q1,100.017,
ESTAT:NAMQ_10_LP_ULC(1.0),24/02/23 23:00:00,Q,I15,SCA,RLPR_PER,DE,2021-Q2,101.68,
ESTAT:NAMQ_10_LP_ULC(1.0),24/02/23 23:00:00,Q,I15,SCA,RLPR_PER,DE,2021-Q3,101.996,
ESTAT:NAMQ_10_LP_ULC(1.0),24/02/23 23:00:00,Q,I15,SCA,RLPR_PER,DE,2021-Q4,101.663,
ESTAT:NAMQ_10_LP_ULC(1.0),24/02/23 23:00:00,Q,I15,SCA,RLPR_PER,DE,2022-Q1,102.007,
ESTAT:NAMQ_10_LP_ULC(1.0),24/02/23 23:00:00,Q,I15,SCA,RLPR_PER,DE,2022-Q2,101.809,
ESTAT:NAMQ_10_LP_ULC(1.0),24/02/23 23:00:00,Q,I15,SCA,RLPR_PER,DE,2022-Q3,102.207,
ESTAT:NAMQ_10_LP_ULC(1.0),24/02/23 23:00:00,Q,I15,SCA,RLPR_PER,DE,2022-Q4,101.524,
ESTAT:NAMQ_10_LP_ULC(1.0),24/02/23 23:00:00,Q,I15,SCA,RLPR_PER,DK,2019-Q1,102.976,
ESTAT:NAMQ_10_LP_ULC(1.0),24/02/23 23:00:00,Q,I15,SCA,RLPR_PER,DK,2019-Q2,103.62,
ESTAT:NAMQ_10_LP_ULC(1.0),24/02/23 23:00:00,Q,I15,SCA,RLPR_PER,DK,2019-Q3,103.753,
ESTAT:NAMQ_10_LP_ULC(1.0),24/02/23 23:00:00,Q,I15,SCA,RLPR_PER,DK,2019-Q4,103.389,
ESTAT:NAMQ_10_LP_ULC(1.0),24/02/23 23:00:00,Q,I15,SCA,RLPR_PER,DK,2020-Q1,103.373,
ESTAT:NAMQ_10_LP_ULC(1.0),24/02/23 23:00:00,Q,I15,SCA,RLPR_PER,DK,2020-Q2,99.507,
ESTAT:NAMQ_10_LP_ULC(1.0),24/02/23 23:00:00,Q,I15,SCA,RLPR_PER,DK,2020-Q3,103.56,
ESTAT:NAMQ_10_LP_ULC(1.0),24/02/23 23:00:00,Q,I15,SCA,RLPR_PER,DK,2020-Q4,103.419,
ESTAT:NAMQ_10_LP_ULC(1.0),24/02/23 23:00:00,Q,I15,SCA,RLPR_PER,DK,2021-Q1,105.081,
ESTAT:NAMQ_10_LP_ULC(1.0),24/02/23 23:00:00,Q,I15,SCA,RLPR_PER,DK,2021-Q2,104.838,
ESTAT:NAMQ_10_LP_ULC(1.0),24/02/23 23:00:00,Q,I15,SCA,RLPR_PER,DK,2021-Q3,104.088,
ESTAT:NAMQ_10_LP_ULC(1.0),24/02/23 23:00:00,Q,I15,SCA,RLPR_PER,DK,2021-Q4,105.543,
ESTAT:NAMQ_10_LP_ULC(1.0),24/02/23 23:00:00,Q,I15,SCA,RLPR_PER,DK,2022-Q1,104.001,
ESTAT:NAMQ_10_LP_ULC(1.0),24/02/23 23:00:00,Q,I15,SCA,RLPR_PER,DK,2022-Q2,104.42,
ESTAT:NAMQ_10_LP_ULC(1.0),24/02/23 23:00:00,Q,I15,SCA,RLPR_PER,DK,2022-Q3,104.144,
ESTAT:NAMQ_10_LP_ULC(1.0),24/02/23 23:00:00,Q,I15,SCA,RLPR_PER,EA19,2019-Q1,102.008,
ESTAT:NAMQ_10_LP_ULC(1.0),24/02/23 23:00:00,Q,I15,SCA,RLPR_PER,EA19,2019-Q2,102.018,
ESTAT:NAMQ_10_LP_ULC(1.0),24/02/23 23:00:00,Q,I15,SCA,RLPR_PER,EA19,2019-Q3,102.099,
ESTAT:NAMQ_10_LP_ULC(1.0),24/02/23 23:00:00,Q,I15,SCA,RLPR_PER,EA19,2019-Q4,101.933,
ESTAT:NAMQ_10_LP_ULC(1.0),24/02/23 23:00:00,Q,I15,SCA,RLPR_PER,EA19,2020-Q1,98.707,
ESTAT:NAMQ_10_LP_ULC(1.0),24/02/23 23:00:00,Q,I15,SCA,RLPR_PER,EA19,2020-Q2,90.148,
ESTAT:NAMQ_10_LP_ULC(1.0),24/02/23 23:00:00,Q,I15,SCA,RLPR_PER,EA19,2020-Q3,100.162,
ESTAT:NAMQ_10_LP_ULC(1.0),24/02/23 23:00:00,Q,I15,SCA,RLPR_PER,EA19,2020-Q4,99.345,
ESTAT:NAMQ_10_LP_ULC(1.0),24/02/23 23:00:00,Q,I15,SCA,RLPR_PER,EA19,2021-Q1,99.35,
ESTAT:NAMQ_10_LP_ULC(1.0),24/02/23 23:00:00,Q,I15,SCA,RLPR_PER,EA19,2021-Q2,100.601,
ESTAT:NAMQ_10_LP_ULC(1.0),24/02/23 23:00:00,Q,I15,SCA,RLPR_PER,EA19,2021-Q3,101.652,
ESTAT:NAMQ_10_LP_ULC(1.0),24/02/23 23:00:00,Q,I15,SCA,RLPR_PER,EA19,2021-Q4,101.645,
ESTAT:NAMQ_10_LP_ULC(1.0),24/02/23 23:00:00,Q,I15,SCA,RLPR_PER,EA19,2022-Q1,101.756,
ESTAT:NAMQ_10_LP_ULC(1.0),24/02/23 23:00:00,Q,I15,SCA,RLPR_PER,EA19,2022-Q2,102.27,
ESTAT:NAMQ_10_LP_ULC(1.0),24/02/23 23:00:00,Q,I15,SCA,RLPR_PER,EA19,2022-Q3,102.287,
ESTAT:NAMQ_10_LP_ULC(1.0),24/02/23 23:00:00,Q,I15,SCA,RLPR_PER,EA19,2022-Q4,102.034,
ESTAT:NAMQ_10_LP_ULC(1.0),24/02/23 23:00:00,Q,I15,SCA,RLPR_PER,EE,2019-Q1,111.225,
ESTAT:NAMQ_10_LP_ULC(1.0),24/02/23 23:00:00,Q,I15,SCA,RLPR_PER,EE,2019-Q2,111.736,
ESTAT:NAMQ_10_LP_ULC(1.0),24/02/23 23:00:00,Q,I15,SCA,RLPR_PER,EE,2019-Q3,111.041,
ESTAT:NAMQ_10_LP_ULC(1.0),24/02/23 23:00:00,Q,I15,SCA,RLPR_PER,EE,2019-Q4,110.462,
ESTAT:NAMQ_10_LP_ULC(1.0),24/02/23 23:00:00,Q,I15,SCA,RLPR_PER,EE,2020-Q1,112.563,
ESTAT:NAMQ_10_LP_ULC(1.0),24/02/23 23:00:00,Q,I15,SCA,RLPR_PER,EE,2020-Q2,109.696,
ESTAT:NAMQ_10_LP_ULC(1.0),24/02/23 23:00:00,Q,I15,SCA,RLPR_PER,EE,2020-Q3,115.568,
ESTAT:NAMQ_10_LP_ULC(1.0),24/02/23 23:00:00,Q,I15,SCA,RLPR_PER,EE,2020-Q4,116.917,
ESTAT:NAMQ_10_LP_ULC(1.0),24/02/23 23:00:00,Q,I15,SCA,RLPR_PER,EE,2021-Q1,119.994,
ESTAT:NAMQ_10_LP_ULC(1.0),24/02/23 23:00:00,Q,I15,SCA,RLPR_PER,EE,2021-Q2,124.628,
ESTAT:NAMQ_10_LP_ULC(1.0),24/02/23 23:00:00,Q,I15,SCA,RLPR_PER,EE,2021-Q3,123.078,
ESTAT:NAMQ_10_LP_ULC(1.0),24/02/23 23:00:00,Q,I15,SCA,RLPR_PER,EE,2021-Q4,123.205,
ESTAT:NAMQ_10_LP_ULC(1.0),24/02/23 23:00:00,Q,I15,SCA,RLPR_PER,EE,2022-Q1,119.053,
ESTAT:NAMQ_10_LP_ULC(1.0),24/02/23 23:00:00,Q,I15,SCA,RLPR_PER,EE,2022-Q2,118.195,
ESTAT:NAMQ_10_LP_ULC(1.0),24/02/23 23:00:00,Q,I15,SCA,RLPR_PER,EE,2022-Q3,115.926,
ESTAT:NAMQ_10_LP_ULC(1.0),24/02/23 23:00:00,Q,I15,SCA,RLPR_PER,EL,2019-Q1,94.21,
ESTAT:NAMQ_10_LP_ULC(1.0),24/02/23 23:00:00,Q,I15,SCA,RLPR_PER,EL,2019-Q2,94.738,
ESTAT:NAMQ_10_LP_ULC(1.0),24/02/23 23:00:00,Q,I15,SCA,RLPR_PER,EL,2019-Q3,94.806,
ESTAT:NAMQ_10_LP_ULC(1.0),24/02/23 23:00:00,Q,I15,SCA,RLPR_PER,EL,2019-Q4,95.022,
ESTAT:NAMQ_10_LP_ULC(1.0),24/02/23 23:00:00,Q,I15,SCA,RLPR_PER,EL,2020-Q1,92.273,
ESTAT:NAMQ_10_LP_ULC(1.0),24/02/23 23:00:00,Q,I15,SCA,RLPR_PER,EL,2020-Q2,83.083,
ESTAT:NAMQ_10_LP_ULC(1.0),24/02/23 23:00:00,Q,I15,SCA,RLPR_PER,EL,2020-Q3,86.759,
ESTAT:NAMQ_10_LP_ULC(1.0),24/02/23 23:00:00,Q,I15,SCA,RLPR_PER,EL,2020-Q4,89.622,
ESTAT:NAMQ_10_LP_ULC(1.0),24/02/23 23:00:00,Q,I15,SCA,RLPR_PER,EL,2021-Q1,94.611,
ESTAT:NAMQ_10_LP_ULC(1.0),24/02/23 23:00:00,Q,I15,SCA,RLPR_PER,EL,2021-Q2,92.303,
ESTAT:NAMQ_10_LP_ULC(1.0),24/02/23 23:00:00,Q,I15,SCA,RLPR_PER,EL,2021-Q3,92.308,
ESTAT:NAMQ_10_LP_ULC(1.0),24/02/23 23:00:00,Q,I15,SCA,RLPR_PER,EL,2021-Q4,91.946,
ESTAT:NAMQ_10_LP_ULC(1.0),24/02/23 23:00:00,Q,I15,SCA,RLPR_PER,EL,2022-Q1,94.101,
ESTAT:NAMQ_10_LP_ULC(1.0),24/02/23 23:00:00,Q,I15,SCA,RLPR_PER,EL,2022-Q2,94.118,
ESTAT:NAMQ_10_LP_ULC(1.0),24/02/23 23:00:00,Q,I15,SCA,RLPR_PER,EL,2022-Q3,93.616,
ESTAT:NAMQ_10_LP_ULC(1.0),24/02/23 23:00:00,Q,I15,SCA,RLPR_PER,ES,2019-Q1,100.845,
ESTAT:NAMQ_10_LP_ULC(1.0),24/02/23 23:00:00,Q,I15,SCA,RLPR_PER,ES,2019-Q2,100.71,
ESTAT:NAMQ_10_LP_ULC(1.0),24/02/23 23:00:00,Q,I15,SCA,RLPR_PER,ES,2019-Q3,100.753,
ESTAT:NAMQ_10_LP_ULC(1.0),24/02/23 23:00:00,Q,I15,SCA,RLPR_PER,ES,2019-Q4,100.336,
ESTAT:NAMQ_10_LP_ULC(1.0),24/02/23 23:00:00,Q,I15,SCA,RLPR_PER,ES,2020-Q1,96.097,
ESTAT:NAMQ_10_LP_ULC(1.0),24/02/23 23:00:00,Q,I15,SCA,RLPR_PER,ES,2020-Q2,85.075,
ESTAT:NAMQ_10_LP_ULC(1.0),24/02/23 23:00:00,Q,I15,SCA,RLPR_PER,ES,2020-Q3,96.175,
ESTAT:NAMQ_10_LP_ULC(1.0),24/02/23 23:00:00,Q,I15,SCA,RLPR_PER,ES,2020-Q4,94.881,
ESTAT:NAMQ_10_LP_ULC(1.0),24/02/23 23:00:00,Q,I15,SCA,RLPR_PER,ES,2021-Q1,94.13,
ESTAT:NAMQ_10_LP_ULC(1.0),24/02/23 23:00:00,Q,I15,SCA,RLPR_PER,ES,2021-Q2,95.86,
ESTAT:NAMQ_10_LP_ULC(1.0),24/02/23 23:00:00,Q,I15,SCA,RLPR_PER,ES,2021-Q3,96.182,
ESTAT:NAMQ_10_LP_ULC(1.0),24/02/23 23:00:00,Q,I15,SCA,RLPR_PER,ES,2021-Q4,97.523,
ESTAT:NAMQ_10_LP_ULC(1.0),24/02/23 23:00:00,Q,I15,SCA,RLPR_PER,ES,2022-Q1,96.928,
ESTAT:NAMQ_10_LP_ULC(1.0),24/02/23 23:00:00,Q,I15,SCA,RLPR_PER,ES,2022-Q2,99.668,
ESTAT:NAMQ_10_LP_ULC(1.0),24/02/23 23:00:00,Q,I15,SCA,RLPR_PER,ES,2022-Q3,98.718,
ESTAT:NAMQ_10_LP_ULC(1.0),24/02/23 23:00:00,Q,I15,SCA,RLPR_PER,ES,2022-Q4,98.514,
ESTAT:NAMQ_10_LP_ULC(1.0),24/02/23 23:00:00,Q,I15,SCA,RLPR_PER,EU27_2020,2019-Q1,103.177,
ESTAT:NAMQ_10_LP_ULC(1.0),24/02/23 23:00:00,Q,I15,SCA,RLPR_PER,EU27_2020,2019-Q2,103.224,
ESTAT:NAMQ_10_LP_ULC(1.0),24/02/23 23:00:00,Q,I15,SCA,RLPR_PER,EU27_2020,2019-Q3,103.423,
ESTAT:NAMQ_10_LP_ULC(1.0),24/02/23 23:00:00,Q,I15,SCA,RLPR_PER,EU27_2020,2019-Q4,103.342,
ESTAT:NAMQ_10_LP_ULC(1.0),24/02/23 23:00:00,Q,I15,SCA,RLPR_PER,EU27_2020,2020-Q1,100.45,
ESTAT:NAMQ_10_LP_ULC(1.0),24/02/23 23:00:00,Q,I15,SCA,RLPR_PER,EU27_2020,2020-Q2,91.974,
ESTAT:NAMQ_10_LP_ULC(1.0),24/02/23 23:00:00,Q,I15,SCA,RLPR_PER,EU27_2020,2020-Q3,101.505,
ESTAT:NAMQ_10_LP_ULC(1.0),24/02/23 23:00:00,Q,I15,SCA,RLPR_PER,EU27_2020,2020-Q4,100.815,
ESTAT:NAMQ_10_LP_ULC(1.0),24/02/23 23:00:00,Q,I15,SCA,RLPR_PER,EU27_2020,2021-Q1,101.01,
ESTAT:NAMQ_10_LP_ULC(1.0),24/02/23 23:00:00,Q,I15,SCA,RLPR_PER,EU27_2020,2021-Q2,102.15,
ESTAT:NAMQ_10_LP_ULC(1.0),24/02/23 23:00:00,Q,I15,SCA,RLPR_PER,EU27_2020,2021-Q3,103.305,
ESTAT:NAMQ_10_LP_ULC(1.0),24/02/23 23:00:00,Q,I15,SCA,RLPR_PER,EU27_2020,2021-Q4,103.456,
ESTAT:NAMQ_10_LP_ULC(1.0),24/02/23 23:00:00,Q,I15,SCA,RLPR_PER,EU27_2020,2022-Q1,103.808,
ESTAT:NAMQ_10_LP_ULC(1.0),24/02/23 23:00:00,Q,I15,SCA,RLPR_PER,EU27_2020,2022-Q2,104.204,
ESTAT:NAMQ_10_LP_ULC(1.0),24/02/23 23:00:00,Q,I15,SCA,RLPR_PER,EU27_2020,2022-Q3,104.353,
ESTAT:NAMQ_10_LP_ULC(1.0),24/02/23 23:00:00,Q,I15,SCA,RLPR_PER,EU27_2020,2022-Q4,103.983,
ESTAT:NAMQ_10_LP_ULC(1.0),24/02/23 23:00:00,Q,I15,SCA,RLPR_PER,FI,2019-Q1,102.352,
ESTAT:NAMQ_10_LP_ULC(1.0),24/02/23 23:00:00,Q,I15,SCA,RLPR_PER,FI,2019-Q2,102.454,
ESTAT:NAMQ_10_LP_ULC(1.0),24/02/23 23:00:00,Q,I15,SCA,RLPR_PER,FI,2019-Q3,102.686,
ESTAT:NAMQ_10_LP_ULC(1.0),24/02/23 23:00:00,Q,I15,SCA,RLPR_PER,FI,2019-Q4,102.523,
ESTAT:NAMQ_10_LP_ULC(1.0),24/02/23 23:00:00,Q,I15,SCA,RLPR_PER,FI,2020-Q1,102.769,
ESTAT:NAMQ_10_LP_ULC(1.0),24/02/23 23:00:00,Q,I15,SCA,RLPR_PER,FI,2020-Q2,99.662,
ESTAT:NAMQ_10_LP_ULC(1.0),24/02/23 23:00:00,Q,I15,SCA,RLPR_PER,FI,2020-Q3,102.943,
ESTAT:NAMQ_10_LP_ULC(1.0),24/02/23 23:00:00,Q,I15,SCA,RLPR_PER,FI,2020-Q4,102.684,
ESTAT:NAMQ_10_LP_ULC(1.0),24/02/23 23:00:00,Q,I15,SCA,RLPR_PER,FI,2021-Q1,101.737,
ESTAT:NAMQ_10_LP_ULC(1.0),24/02/23 23:00:00,Q,I15,SCA,RLPR_PER,FI,2021-Q2,101.479,
ESTAT:NAMQ_10_LP_ULC(1.0),24/02/23 23:00:00,Q,I15,SCA,RLPR_PER,FI,2021-Q3,101.603,
ESTAT:NAMQ_10_LP_ULC(1.0),24/02/23 23:00:00,Q,I15,SCA,RLPR_PER,FI,2021-Q4,101.425,
ESTAT:NAMQ_10_LP_ULC(1.0),24/02/23 23:00:00,Q,I15,SCA,RLPR_PER,FI,2022-Q1,100.883,
ESTAT:NAMQ_10_LP_ULC(1.0),24/02/23 23:00:00,Q,I15,SCA,RLPR_PER,FI,2022-Q2,101.281,
ESTAT:NAMQ_10_LP_ULC(1.0),24/02/23 23:00:00,Q,I15,SCA,RLPR_PER,FI,2022-Q3,101.726,
ESTAT:NAMQ_10_LP_ULC(1.0),24/02/23 23:00:00,Q,I15,SCA,RLPR_PER,FI,2022-Q4,100.325,
ESTAT:NAMQ_10_LP_ULC(1.0),24/02/23 23:00:00,Q,I15,SCA,RLPR_PER,FR,2019-Q1,103.207,
ESTAT:NAMQ_10_LP_ULC(1.0),24/02/23 23:00:00,Q,I15,SCA,RLPR_PER,FR,2019-Q2,103.537,
ESTAT:NAMQ_10_LP_ULC(1.0),24/02/23 23:00:00,Q,I15,SCA,RLPR_PER,FR,2019-Q3,103.253,
ESTAT:NAMQ_10_LP_ULC(1.0),24/02/23 23:00:00,Q,I15,SCA,RLPR_PER,FR,2019-Q4,102.669,
ESTAT:NAMQ_10_LP_ULC(1.0),24/02/23 23:00:00,Q,I15,SCA,RLPR_PER,FR,2020-Q1,97.194,
ESTAT:NAMQ_10_LP_ULC(1.0),24/02/23 23:00:00,Q,I15,SCA,RLPR_PER,FR,2020-Q2,86.206,
ESTAT:NAMQ_10_LP_ULC(1.0),24/02/23 23:00:00,Q,I15,SCA,RLPR_PER,FR,2020-Q3,100.374,
ESTAT:NAMQ_10_LP_ULC(1.0),24/02/23 23:00:00,Q,I15,SCA,RLPR_PER,FR,2020-Q4,98.735,
ESTAT:NAMQ_10_LP_ULC(1.0),24/02/23 23:00:00,Q,I15,SCA,RLPR_PER,FR,2021-Q1,98.413,
ESTAT:NAMQ_10_LP_ULC(1.0),24/02/23 23:00:00,Q,I15,SCA,RLPR_PER,FR,2021-Q2,98.69,
ESTAT:NAMQ_10_LP_ULC(1.0),24/02/23 23:00:00,Q,I15,SCA,RLPR_PER,FR,2021-Q3,100.845,
ESTAT:NAMQ_10_LP_ULC(1.0),24/02/23 23:00:00,Q,I15,SCA,RLPR_PER,FR,2021-Q4,100.63,
ESTAT:NAMQ_10_LP_ULC(1.0),24/02/23 23:00:00,Q,I15,SCA,RLPR_PER,FR,2022-Q1,99.929,
ESTAT:NAMQ_10_LP_ULC(1.0),24/02/23 23:00:00,Q,I15,SCA,RLPR_PER,FR,2022-Q2,100.077,
ESTAT:NAMQ_10_LP_ULC(1.0),24/02/23 23:00:00,Q,I15,SCA,RLPR_PER,FR,2022-Q3,99.888,
ESTAT:NAMQ_10_LP_ULC(1.0),24/02/23 23:00:00,Q,I15,SCA,RLPR_PER,HR,2019-Q1,104.297,
ESTAT:NAMQ_10_LP_ULC(1.0),24/02/23 23:00:00,Q,I15,SCA,RLPR_PER,HR,2019-Q2,105.649,
ESTAT:NAMQ_10_LP_ULC(1.0),24/02/23 23:00:00,Q,I15,SCA,RLPR_PER,HR,2019-Q3,105.261,
ESTAT:NAMQ_10_LP_ULC(1.0),24/02/23 23:00:00,Q,I15,SCA,RLPR_PER,HR,2019-Q4,104.512,
ESTAT:NAMQ_10_LP_ULC(1.0),24/02/23 23:00:00,Q,I15,SCA,RLPR_PER,HR,2020-Q1,103.525,
ESTAT:NAMQ_10_LP_ULC(1.0),24/02/23 23:00:00,Q,I15,SCA,RLPR_PER,HR,2020-Q2,89.941,
ESTAT:NAMQ_10_LP_ULC(1.0),24/02/23 23:00:00,Q,I15,SCA,RLPR_PER,HR,2020-Q3,95.058,
ESTAT:NAMQ_10_LP_ULC(1.0),24/02/23 23:00:00,Q,I15,SCA,RLPR_PER,HR,2020-Q4,101.118,
ESTAT:NAMQ_10_LP_ULC(1.0),24/02/23 23:00:00,Q,I15,SCA,RLPR_PER,HR,2021-Q1,108.392,
ESTAT:NAMQ_10_LP_ULC(1.0),24/02/23 23:00:00,Q,I15,SCA,RLPR_PER,HR,2021-Q2,106.654,
ESTAT:NAMQ_10_LP_ULC(1.0),24/02/23 23:00:00,Q,I15,SCA,RLPR_PER,HR,2021-Q3,109.078,
ESTAT:NAMQ_10_LP_ULC(1.0),24/02/23 23:00:00,Q,I15,SCA,RLPR_PER,HR,2021-Q4,109.84,
ESTAT:NAMQ_10_LP_ULC(1.0),24/02/23 23:00:00,Q,I15,SCA,RLPR_PER,HR,2022-Q1,112.485,
ESTAT:NAMQ_10_LP_ULC(1.0),24/02/23 23:00:00,Q,I15,SCA,RLPR_PER,HR,2022-Q2,113.413,
ESTAT:NAMQ_10_LP_ULC(1.0),24/02/23 23:00:00,Q,I15,SCA,RLPR_PER,HR,2022-Q3,112.394,
ESTAT:NAMQ_10_LP_ULC(1.0),24/02/23 23:00:00,Q,I15,SCA,RLPR_PER,HU,2019-Q1,106.744,
ESTAT:NAMQ_10_LP_ULC(1.0),24/02/23 23:00:00,Q,I15,SCA,RLPR_PER,HU,2019-Q2,106.961,
ESTAT:NAMQ_10_LP_ULC(1.0),24/02/23 23:00:00,Q,I15,SCA,RLPR_PER,HU,2019-Q3,108.682,
ESTAT:NAMQ_10_LP_ULC(1.0),24/02/23 23:00:00,Q,I15,SCA,RLPR_PER,HU,2019-Q4,109.013,
ESTAT:NAMQ_10_LP_ULC(1.0),24/02/23 23:00:00,Q,I15,SCA,RLPR_PER,HU,2020-Q1,107.237,
ESTAT:NAMQ_10_LP_ULC(1.0),24/02/23 23:00:00,Q,I15,SCA,RLPR_PER,HU,2020-Q2,96.188,
ESTAT:NAMQ_10_LP_ULC(1.0),24/02/23 23:00:00,Q,I15,SCA,RLPR_PER,HU,2020-Q3,105.546,
ESTAT:NAMQ_10_LP_ULC(1.0),24/02/23 23:00:00,Q,I15,SCA,RLPR_PER,HU,2020-Q4,106.33,
ESTAT:NAMQ_10_LP_ULC(1.0),24/02/23 23:00:00,Q,I15,SCA,RLPR_PER,HU,2021-Q1,107.929,
ESTAT:NAMQ_10_LP_ULC(1.0),24/02/23 23:00:00,Q,I15,SCA,RLPR_PER,HU,2021-Q2,109.51,
ESTAT:NAMQ_10_LP_ULC(1.0),24/02/23 23:00:00,Q,I15,SCA,RLPR_PER,HU,2021-Q3,110.881,
ESTAT:NAMQ_10_LP_ULC(1.0),24/02/23 23:00:00,Q,I15,SCA,RLPR_PER,HU,2021-Q4,112.129,
ESTAT:NAMQ_10_LP_ULC(1.0),24/02/23 23:00:00,Q,I15,SCA,RLPR_PER,HU,2022-Q1,113.113,
ESTAT:NAMQ_10_LP_ULC(1.0),24/02/23 23:00:00,Q,I15,SCA,RLPR_PER,HU,2022-Q2,113.985,
ESTAT:NAMQ_10_LP_ULC(1.0),24/02/23 23:00:00,Q,I15,SCA,RLPR_PER,HU,2022-Q3,113.487,
ESTAT:NAMQ_10_LP_ULC(1.0),24/02/23 23:00:00,Q,I15,SCA,RLPR_PER,IE,2019-Q1,111.799,
ESTAT:NAMQ_10_LP_ULC(1.0),24/02/23 23:00:00,Q,I15,SCA,RLPR_PER,IE,2019-Q2,114.231,
ESTAT:NAMQ_10_LP_ULC(1.0),24/02/23 23:00:00,Q,I15,SCA,RLPR_PER,IE,2019-Q3,115.131,
ESTAT:NAMQ_10_LP_ULC(1.0),24/02/23 23:00:00,Q,I15,SCA,RLPR_PER,IE,2019-Q4,114.813,
ESTAT:NAMQ_10_LP_ULC(1.0),24/02/23 23:00:00,Q,I15,SCA,RLPR_PER,IE,2020-Q1,117.772,
ESTAT:NAMQ_10_LP_ULC(1.0),24/02/23 23:00:00,Q,I15,SCA,RLPR_PER,IE,2020-Q2,122.589,
ESTAT:NAMQ_10_LP_ULC(1.0),24/02/23 23:00:00,Q,I15,SCA,RLPR_PER,IE,2020-Q3,131.708,
ESTAT:NAMQ_10_LP_ULC(1.0),24/02/23 23:00:00,Q,I15,SCA,RLPR_PER,IE,2020-Q4,123.935,
ESTAT:NAMQ_10_LP_ULC(1.0),24/02/23 23:00:00,Q,I15,SCA,RLPR_PER,IE,2021-Q1,137.191,
ESTAT:NAMQ_10_LP_ULC(1.0),24/02/23 23:00:00,Q,I15,SCA,RLPR_PER,IE,2021-Q2,133.459,
ESTAT:NAMQ_10_LP_ULC(1.0),24/02/23 23:00:00,Q,I15,SCA,RLPR_PER,IE,2021-Q3,131.805,
ESTAT:NAMQ_10_LP_ULC(1.0),24/02/23 23:00:00,Q,I15,SCA,RLPR_PER,IE,2021-Q4,128.366,
ESTAT:NAMQ_10_LP_ULC(1.0),24/02/23 23:00:00,Q,I15,SCA,RLPR_PER,IE,2022-Q1,136.659,
ESTAT:NAMQ_10_LP_ULC(1.0),24/02/23 23:00:00,Q,I15,SCA,RLPR_PER,IE,2022-Q2,137.719,
ESTAT:NAMQ_10_LP_ULC(1.0),24/02/23 23:00:00,Q,I15,SCA,RLPR_PER,IE,2022-Q3,140.894,
ESTAT:NAMQ_10_LP_ULC(1.0),24/02/23 23:00:00,Q,I15,SCA,RLPR_PER,IS,2019-Q1,105.164,
ESTAT:NAMQ_10_LP_ULC(1.0),24/02/23 23:00:00,Q,I15,SCA,RLPR_PER,IS,2019-Q2,105.461,
ESTAT:NAMQ_10_LP_ULC(1.0),24/02/23 23:00:00,Q,I15,SCA,RLPR_PER,IS,2019-Q3,105.086,
ESTAT:NAMQ_10_LP_ULC(1.0),24/02/23 23:00:00,Q,I15,SCA,RLPR_PER,IS,2019-Q4,108.884,
ESTAT:NAMQ_10_LP_ULC(1.0),24/02/23 23:00:00,Q,I15,SCA,RLPR_PER,IS,2020-Q1,102.487,
ESTAT:NAMQ_10_LP_ULC(1.0),24/02/23 23:00:00,Q,I15,SCA,RLPR_PER,IS,2020-Q2,99.789,
ESTAT:NAMQ_10_LP_ULC(1.0),24/02/23 23:00:00,Q,I15,SCA,RLPR_PER,IS,2020-Q3,102.823,
ESTAT:NAMQ_10_LP_ULC(1.0),24/02/23 23:00:00,Q,I15,SCA,RLPR_PER,IS,2020-Q4,110.208,
ESTAT:NAMQ_10_LP_ULC(1.0),24/02/23 23:00:00,Q,I15,SCA,RLPR_PER,IS,2021-Q1,105.583,
ESTAT:NAMQ_10_LP_ULC(1.0),24/02/23 23:00:00,Q,I15,SCA,RLPR_PER,IS,2021-Q2,108.512,
ESTAT:NAMQ_10_LP_ULC(1.0),24/02/23 23:00:00,Q,I15,SCA,RLPR_PER,IS,2021-Q3,107.069,
ESTAT:NAMQ_10_LP_ULC(1.0),24/02/23 23:00:00,Q,I15,SCA,RLPR_PER,IS,2021-Q4,108.646,
ESTAT:NAMQ_10_LP_ULC(1.0),24/02/23 23:00:00,Q,I15,SCA,RLPR_PER,IS,2022-Q1,108.96,
ESTAT:NAMQ_10_LP_ULC(1.0),24/02/23 23:00:00,Q,I15,SCA,RLPR_PER,IS,2022-Q2,105.706,
ESTAT:NAMQ_10_LP_ULC(1.0),24/02/23 23:00:00,Q,I15,SCA,RLPR_PER,IS,2022-Q3,101.701,
ESTAT:NAMQ_10_LP_ULC(1.0),24/02/23 23:00:00,Q,I15,SCA,RLPR_PER,IT,2019-Q1,100.616,
ESTAT:NAMQ_10_LP_ULC(1.0),24/02/23 23:00:00,Q,I15,SCA,RLPR_PER,IT,2019-Q2,100.472,
ESTAT:NAMQ_10_LP_ULC(1.0),24/02/23 23:00:00,Q,I15,SCA,RLPR_PER,IT,2019-Q3,100.606,
ESTAT:NAMQ_10_LP_ULC(1.0),24/02/23 23:00:00,Q,I15,SCA,RLPR_PER,IT,2019-Q4,100.118,
ESTAT:NAMQ_10_LP_ULC(1.0),24/02/23 23:00:00,Q,I15,SCA,RLPR_PER,IT,2020-Q1,94.342,
ESTAT:NAMQ_10_LP_ULC(1.0),24/02/23 23:00:00,Q,I15,SCA,RLPR_PER,IT,2020-Q2,85.626,
ESTAT:NAMQ_10_LP_ULC(1.0),24/02/23 23:00:00,Q,I15,SCA,RLPR_PER,IT,2020-Q3,97.242,
ESTAT:NAMQ_10_LP_ULC(1.0),24/02/23 23:00:00,Q,I15,SCA,RLPR_PER,IT,2020-Q4,95.977,
ESTAT:NAMQ_10_LP_ULC(1.0),24/02/23 23:00:00,Q,I15,SCA,RLPR_PER,IT,2021-Q1,96.519,
ESTAT:NAMQ_10_LP_ULC(1.0),24/02/23 23:00:00,Q,I15,SCA,RLPR_PER,IT,2021-Q2,98.354,
ESTAT:NAMQ_10_LP_ULC(1.0),24/02/23 23:00:00,Q,I15,SCA,RLPR_PER,IT,2021-Q3,100.349,
ESTAT:NAMQ_10_LP_ULC(1.0),24/02/23 23:00:00,Q,I15,SCA,RLPR_PER,IT,2021-Q4,100.906,
ESTAT:NAMQ_10_LP_ULC(1.0),24/02/23 23:00:00,Q,I15,SCA,RLPR_PER,IT,2022-Q1,100.821,
ESTAT:NAMQ_10_LP_ULC(1.0),24/02/23 23:00:00,Q,I15,SCA,RLPR_PER,IT,2022-Q2,101.236,
ESTAT:NAMQ_10_LP_ULC(1.0),24/02/23 23:00:00,Q,I15,SCA,RLPR_PER,IT,2022-Q3,101.826,
ESTAT:NAMQ_10_LP_ULC(1.0),24/02/23 23:00:00,Q,I15,SCA,RLPR_PER,LT,2019-Q1,110.371,
ESTAT:NAMQ_10_LP_ULC(1.0),24/02/23 23:00:00,Q,I15,SCA,RLPR_PER,LT,2019-Q2,111.797,
ESTAT:NAMQ_10_LP_ULC(1.0),24/02/23 23:00:00,Q,I15,SCA,RLPR_PER,LT,2019-Q3,113.49,
ESTAT:NAMQ_10_LP_ULC(1.0),24/02/23 23:00:00,Q,I15,SCA,RLPR_PER,LT,2019-Q4,113.964,
ESTAT:NAMQ_10_LP_ULC(1.0),24/02/23 23:00:00,Q,I15,SCA,RLPR_PER,LT,2020-Q1,113.594,
ESTAT:NAMQ_10_LP_ULC(1.0),24/02/23 23:00:00,Q,I15,SCA,RLPR_PER,LT,2020-Q2,110.347,
ESTAT:NAMQ_10_LP_ULC(1.0),24/02/23 23:00:00,Q,I15,SCA,RLPR_PER,LT,2020-Q3,116.036,
ESTAT:NAMQ_10_LP_ULC(1.0),24/02/23 23:00:00,Q,I15,SCA,RLPR_PER,LT,2020-Q4,117.036,
ESTAT:NAMQ_10_LP_ULC(1.0),24/02/23 23:00:00,Q,I15,SCA,RLPR_PER,LT,2021-Q1,118.741,
ESTAT:NAMQ_10_LP_ULC(1.0),24/02/23 23:00:00,Q,I15,SCA,RLPR_PER,LT,2021-Q2,120.175,
ESTAT:NAMQ_10_LP_ULC(1.0),24/02/23 23:00:00,Q,I15,SCA,RLPR_PER,LT,2021-Q3,119.157,
ESTAT:NAMQ_10_LP_ULC(1.0),24/02/23 23:00:00,Q,I15,SCA,RLPR_PER,LT,2021-Q4,120.284,
ESTAT:NAMQ_10_LP_ULC(1.0),24/02/23 23:00:00,Q,I15,SCA,RLPR_PER,LT,2022-Q1,119.066,
ESTAT:NAMQ_10_LP_ULC(1.0),24/02/23 23:00:00,Q,I15,SCA,RLPR_PER,LT,2022-Q2,115.874,
ESTAT:NAMQ_10_LP_ULC(1.0),24/02/23 23:00:00,Q,I15,SCA,RLPR_PER,LT,2022-Q3,115.639,
ESTAT:NAMQ_10_LP_ULC(1.0),24/02/23 23:00:00,Q,I15,SCA,RLPR_PER,LU,2019-Q1,96.121,
ESTAT:NAMQ_10_LP_ULC(1.0),24/02/23 23:00:00,Q,I15,SCA,RLPR_PER,LU,2019-Q2,96.995,
ESTAT:NAMQ_10_LP_ULC(1.0),24/02/23 23:00:00,Q,I15,SCA,RLPR_PER,LU,2019-Q3,96.334,
ESTAT:NAMQ_10_LP_ULC(1.0),24/02/23 23:00:00,Q,I15,SCA,RLPR_PER,LU,2019-Q4,96.023,
ESTAT:NAMQ_10_LP_ULC(1.0),24/02/23 23:00:00,Q,I15,SCA,RLPR_PER,LU,2020-Q1,94.555,
ESTAT:NAMQ_10_LP_ULC(1.0),24/02/23 23:00:00,Q,I15,SCA,RLPR_PER,LU,2020-Q2,89.851,
ESTAT:NAMQ_10_LP_ULC(1.0),24/02/23 23:00:00,Q,I15,SCA,RLPR_PER,LU,2020-Q3,96.141,
ESTAT:NAMQ_10_LP_ULC(1.0),24/02/23 23:00:00,Q,I15,SCA,RLPR_PER,LU,2020-Q4,95.3,
ESTAT:NAMQ_10_LP_ULC(1.0),24/02/23 23:00:00,Q,I15,SCA,RLPR_PER,LU,2021-Q1,96.464,
ESTAT:NAMQ_10_LP_ULC(1.0),24/02/23 23:00:00,Q,I15,SCA,RLPR_PER,LU,2021-Q2,96.203,
ESTAT:NAMQ_10_LP_ULC(1.0),24/02/23 23:00:00,Q,I15,SCA,RLPR_PER,LU,2021-Q3,95.211,
ESTAT:NAMQ_10_LP_ULC(1.0),24/02/23 23:00:00,Q,I15,SCA,RLPR_PER,LU,2021-Q4,95.796,
ESTAT:NAMQ_10_LP_ULC(1.0),24/02/23 23:00:00,Q,I15,SCA,RLPR_PER,LU,2022-Q1,95.616,
ESTAT:NAMQ_10_LP_ULC(1.0),24/02/23 23:00:00,Q,I15,SCA,RLPR_PER,LU,2022-Q2,94.414,
ESTAT:NAMQ_10_LP_ULC(1.0),24/02/23 23:00:00,Q,I15,SCA,RLPR_PER,LU,2022-Q3,94.831,
ESTAT:NAMQ_10_LP_ULC(1.0),24/02/23 23:00:00,Q,I15,SCA,RLPR_PER,LV,2019-Q1,110.799,
ESTAT:NAMQ_10_LP_ULC(1.0),24/02/23 23:00:00,Q,I15,SCA,RLPR_PER,LV,2019-Q2,112.611,
ESTAT:NAMQ_10_LP_ULC(1.0),24/02/23 23:00:00,Q,I15,SCA,RLPR_PER,LV,2019-Q3,111.517,
ESTAT:NAMQ_10_LP_ULC(1.0),24/02/23 23:00:00,Q,I15,SCA,RLPR_PER,LV,2019-Q4,111.476,
ESTAT:NAMQ_10_LP_ULC(1.0),24/02/23 23:00:00,Q,I15,SCA,RLPR_PER,LV,2020-Q1,111.23,
ESTAT:NAMQ_10_LP_ULC(1.0),24/02/23 23:00:00,Q,I15,SCA,RLPR_PER,LV,2020-Q2,108.217,
ESTAT:NAMQ_10_LP_ULC(1.0),24/02/23 23:00:00,Q,I15,SCA,RLPR_PER,LV,2020-Q3,112.687,
ESTAT:NAMQ_10_LP_ULC(1.0),24/02/23 23:00:00,Q,I15,SCA,RLPR_PER,LV,2020-Q4,114.961,
ESTAT:NAMQ_10_LP_ULC(1.0),24/02/23 23:00:00,Q,I15,SCA,RLPR_PER,LV,2021-Q1,118.865,
ESTAT:NAMQ_10_LP_ULC(1.0),24/02/23 23:00:00,Q,I15,SCA,RLPR_PER,LV,2021-Q2,117.294,
ESTAT:NAMQ_10_LP_ULC(1.0),24/02/23 23:00:00,Q,I15,SCA,RLPR_PER,LV,2021-Q3,120.318,
ESTAT:NAMQ_10_LP_ULC(1.0),24/02/23 23:00:00,Q,I15,SCA,RLPR_PER,LV,2021-Q4,120.099,
ESTAT:NAMQ_10_LP_ULC(1.0),24/02/23 23:00:00,Q,I15,SCA,RLPR_PER,LV,2022-Q1,119.682,
ESTAT:NAMQ_10_LP_ULC(1.0),24/02/23 23:00:00,Q,I15,SCA,RLPR_PER,LV,2022-Q2,119.117,
ESTAT:NAMQ_10_LP_ULC(1.0),24/02/23 23:00:00,Q,I15,SCA,RLPR_PER,LV,2022-Q3,116.651,
ESTAT:NAMQ_10_LP_ULC(1.0),24/02/23 23:00:00,Q,I15,SCA,RLPR_PER,MT,2019-Q1,102.42,
ESTAT:NAMQ_10_LP_ULC(1.0),24/02/23 23:00:00,Q,I15,SCA,RLPR_PER,MT,2019-Q2,103.047,
ESTAT:NAMQ_10_LP_ULC(1.0),24/02/23 23:00:00,Q,I15,SCA,RLPR_PER,MT,2019-Q3,102.948,
ESTAT:NAMQ_10_LP_ULC(1.0),24/02/23 23:00:00,Q,I15,SCA,RLPR_PER,MT,2019-Q4,102.627,
ESTAT:NAMQ_10_LP_ULC(1.0),24/02/23 23:00:00,Q,I15,SCA,RLPR_PER,MT,2020-Q1,97.441,
ESTAT:NAMQ_10_LP_ULC(1.0),24/02/23 23:00:00,Q,I15,SCA,RLPR_PER,MT,2020-Q2,84.97,
ESTAT:NAMQ_10_LP_ULC(1.0),24/02/23 23:00:00,Q,I15,SCA,RLPR_PER,MT,2020-Q3,90.12,
ESTAT:NAMQ_10_LP_ULC(1.0),24/02/23 23:00:00,Q,I15,SCA,RLPR_PER,MT,2020-Q4,93.391,
ESTAT:NAMQ_10_LP_ULC(1.0),24/02/23 23:00:00,Q,I15,SCA,RLPR_PER,MT,2021-Q1,98.008,
ESTAT:NAMQ_10_LP_ULC(1.0),24/02/23 23:00:00,Q,I15,SCA,RLPR_PER,MT,2021-Q2,96.865,
ESTAT:NAMQ_10_LP_ULC(1.0),24/02/23 23:00:00,Q,I15,SCA,RLPR_PER,MT,2021-Q3,100.941,
ESTAT:NAMQ_10_LP_ULC(1.0),24/02/23 23:00:00,Q,I15,SCA,RLPR_PER,MT,2021-Q4,101.323,
ESTAT:NAMQ_10_LP_ULC(1.0),24/02/23 23:00:00,Q,I15,SCA,RLPR_PER,MT,2022-Q1,100.796,
ESTAT:NAMQ_10_LP_ULC(1.0),24/02/23 23:00:00,Q,I15,SCA,RLPR_PER,MT,2022-Q2,99.955,
ESTAT:NAMQ_10_LP_ULC(1.0),24/02/23 23:00:00,Q,I15,SCA,RLPR_PER,MT,2022-Q3,100.301,
ESTAT:NAMQ_10_LP_ULC(1.0),24/02/23 23:00:00,Q,I15,SCA,RLPR_PER,NL,2019-Q1,100.408,
ESTAT:NAMQ_10_LP_ULC(1.0),24/02/23 23:00:00,Q,I15,SCA,RLPR_PER,NL,2019-Q2,100.503,
ESTAT:NAMQ_10_LP_ULC(1.0),24/02/23 23:00:00,Q,I15,SCA,RLPR_PER,NL,2019-Q3,100.604,
ESTAT:NAMQ_10_LP_ULC(1.0),24/02/23 23:00:00,Q,I15,SCA,RLPR_PER,NL,2019-Q4,100.51,
ESTAT:NAMQ_10_LP_ULC(1.0),24/02/23 23:00:00,Q,I15,SCA,RLPR_PER,NL,2020-Q1,98.808,
ESTAT:NAMQ_10_LP_ULC(1.0),24/02/23 23:00:00,Q,I15,SCA,RLPR_PER,NL,2020-Q2,93.651,
ESTAT:NAMQ_10_LP_ULC(1.0),24/02/23 23:00:00,Q,I15,SCA,RLPR_PER,NL,2020-Q3,97.902,
ESTAT:NAMQ_10_LP_ULC(1.0),24/02/23 23:00:00,Q,I15,SCA,RLPR_PER,NL,2020-Q4,97.833,
ESTAT:NAMQ_10_LP_ULC(1.0),24/02/23 23:00:00,Q,I15,SCA,RLPR_PER,NL,2021-Q1,97.944,
ESTAT:NAMQ_10_LP_ULC(1.0),24/02/23 23:00:00,Q,I15,SCA,RLPR_PER,NL,2021-Q2,100.386,
ESTAT:NAMQ_10_LP_ULC(1.0),24/02/23 23:00:00,Q,I15,SCA,RLPR_PER,NL,2021-Q3,100.566,
ESTAT:NAMQ_10_LP_ULC(1.0),24/02/23 23:00:00,Q,I15,SCA,RLPR_PER,NL,2021-Q4,100.366,
ESTAT:NAMQ_10_LP_ULC(1.0),24/02/23 23:00:00,Q,I15,SCA,RLPR_PER,NL,2022-Q1,99.656,
ESTAT:NAMQ_10_LP_ULC(1.0),24/02/23 23:00:00,Q,I15,SCA,RLPR_PER,NL,2022-Q2,101.232,
ESTAT:NAMQ_10_LP_ULC(1.0),24/02/23 23:00:00,Q,I15,SCA,RLPR_PER,NL,2022-Q3,100.522,
ESTAT:NAMQ_10_LP_ULC(1.0),24/02/23 23:00:00,Q,I15,SCA,RLPR_PER,NL,2022-Q4,100.443,
ESTAT:NAMQ_10_LP_ULC(1.0),24/02/23 23:00:00,Q,I15,SCA,RLPR_PER,NO,2019-Q1,100.755,
ESTAT:NAMQ_10_LP_ULC(1.0),24/02/23 23:00:00,Q,I15,SCA,RLPR_PER,NO,2019-Q2,101.156,
ESTAT:NAMQ_10_LP_ULC(1.0),24/02/23 23:00:00,Q,I15,SCA,RLPR_PER,NO,2019-Q3,101.373,
ESTAT:NAMQ_10_LP_ULC(1.0),24/02/23 23:00:00,Q,I15,SCA,RLPR_PER,NO,2019-Q4,101.998,
ESTAT:NAMQ_10_LP_ULC(1.0),24/02/23 23:00:00,Q,I15,SCA,RLPR_PER,NO,2020-Q1,100.857,
ESTAT:NAMQ_10_LP_ULC(1.0),24/02/23 23:00:00,Q,I15,SCA,RLPR_PER,NO,2020-Q2,98.157,
ESTAT:NAMQ_10_LP_ULC(1.0),24/02/23 23:00:00,Q,I15,SCA,RLPR_PER,NO,2020-Q3,102.547,
ESTAT:NAMQ_10_LP_ULC(1.0),24/02/23 23:00:00,Q,I15,SCA,RLPR_PER,NO,2020-Q4,102.448,
ESTAT:NAMQ_10_LP_ULC(1.0),24/02/23 23:00:00,Q,I15,SCA,RLPR_PER,NO,2021-Q1,102.243,
ESTAT:NAMQ_10_LP_ULC(1.0),24/02/23 23:00:00,Q,I15,SCA,RLPR_PER,NO,2021-Q2,103.731,
ESTAT:NAMQ_10_LP_ULC(1.0),24/02/23 23:00:00,Q,I15,SCA,RLPR_PER,NO,2021-Q3,105.006,
ESTAT:NAMQ_10_LP_ULC(1.0),24/02/23 23:00:00,Q,I15,SCA,RLPR_PER,NO,2021-Q4,103.863,
ESTAT:NAMQ_10_LP_ULC(1.0),24/02/23 23:00:00,Q,I15,SCA,RLPR_PER,NO,2022-Q1,102.229,
ESTAT:NAMQ_10_LP_ULC(1.0),24/02/23 23:00:00,Q,I15,SCA,RLPR_PER,NO,2022-Q2,102.891,
ESTAT:NAMQ_10_LP_ULC(1.0),24/02/23 23:00:00,Q,I15,SCA,RLPR_PER,NO,2022-Q3,103.906,
ESTAT:NAMQ_10_LP_ULC(1.0),24/02/23 23:00:00,Q,I15,SCA,RLPR_PER,PL,2019-Q1,116.116,
ESTAT:NAMQ_10_LP_ULC(1.0),24/02/23 23:00:00,Q,I15,SCA,RLPR_PER,PL,2019-Q2,116.142,
ESTAT:NAMQ_10_LP_ULC(1.0),24/02/23 23:00:00,Q,I15,SCA,RLPR_PER,PL,2019-Q3,117.205,
ESTAT:NAMQ_10_LP_ULC(1.0),24/02/23 23:00:00,Q,I15,SCA,RLPR_PER,PL,2019-Q4,118.409,
ESTAT:NAMQ_10_LP_ULC(1.0),24/02/23 23:00:00,Q,I15,SCA,RLPR_PER,PL,2020-Q1,118.391,
ESTAT:NAMQ_10_LP_ULC(1.0),24/02/23 23:00:00,Q,I15,SCA,RLPR_PER,PL,2020-Q2,108.928,
ESTAT:NAMQ_10_LP_ULC(1.0),24/02/23 23:00:00,Q,I15,SCA,RLPR_PER,PL,2020-Q3,115.573,
ESTAT:NAMQ_10_LP_ULC(1.0),24/02/23 23:00:00,Q,I15,SCA,RLPR_PER,PL,2020-Q4,114.618,
ESTAT:NAMQ_10_LP_ULC(1.0),24/02/23 23:00:00,Q,I15,SCA,RLPR_PER,PL,2021-Q1,117.172,
ESTAT:NAMQ_10_LP_ULC(1.0),24/02/23 23:00:00,Q,I15,SCA,RLPR_PER,PL,2021-Q2,118.224,
ESTAT:NAMQ_10_LP_ULC(1.0),24/02/23 23:00:00,Q,I15,SCA,RLPR_PER,PL,2021-Q3,119.669,
ESTAT:NAMQ_10_LP_ULC(1.0),24/02/23 23:00:00,Q,I15,SCA,RLPR_PER,PL,2021-Q4,121.116,
ESTAT:NAMQ_10_LP_ULC(1.0),24/02/23 23:00:00,Q,I15,SCA,RLPR_PER,PL,2022-Q1,127.609,
ESTAT:NAMQ_10_LP_ULC(1.0),24/02/23 23:00:00,Q,I15,SCA,RLPR_PER,PL,2022-Q2,124.17,
ESTAT:NAMQ_10_LP_ULC(1.0),24/02/23 23:00:00,Q,I15,SCA,RLPR_PER,PL,2022-Q3,125.836,
ESTAT:NAMQ_10_LP_ULC(1.0),24/02/23 23:00:00,Q,I15,SCA,RLPR_PER,PT,2019-Q1,102.074,
ESTAT:NAMQ_10_LP_ULC(1.0),24/02/23 23:00:00,Q,I15,SCA,RLPR_PER,PT,2019-Q2,102.835,
ESTAT:NAMQ_10_LP_ULC(1.0),24/02/23 23:00:00,Q,I15,SCA,RLPR_PER,PT,2019-Q3,103.078,
ESTAT:NAMQ_10_LP_ULC(1.0),24/02/23 23:00:00,Q,I15,SCA,RLPR_PER,PT,2019-Q4,104.137,
ESTAT:NAMQ_10_LP_ULC(1.0),24/02/23 23:00:00,Q,I15,SCA,RLPR_PER,PT,2020-Q1,99.926,
ESTAT:NAMQ_10_LP_ULC(1.0),24/02/23 23:00:00,Q,I15,SCA,RLPR_PER,PT,2020-Q2,87.501,
ESTAT:NAMQ_10_LP_ULC(1.0),24/02/23 23:00:00,Q,I15,SCA,RLPR_PER,PT,2020-Q3,99.213,
ESTAT:NAMQ_10_LP_ULC(1.0),24/02/23 23:00:00,Q,I15,SCA,RLPR_PER,PT,2020-Q4,97.918,
ESTAT:NAMQ_10_LP_ULC(1.0),24/02/23 23:00:00,Q,I15,SCA,RLPR_PER,PT,2021-Q1,96.458,
ESTAT:NAMQ_10_LP_ULC(1.0),24/02/23 23:00:00,Q,I15,SCA,RLPR_PER,PT,2021-Q2,98.39,
ESTAT:NAMQ_10_LP_ULC(1.0),24/02/23 23:00:00,Q,I15,SCA,RLPR_PER,PT,2021-Q3,100.663,
ESTAT:NAMQ_10_LP_ULC(1.0),24/02/23 23:00:00,Q,I15,SCA,RLPR_PER,PT,2021-Q4,102.553,
ESTAT:NAMQ_10_LP_ULC(1.0),24/02/23 23:00:00,Q,I15,SCA,RLPR_PER,PT,2022-Q1,103.518,
ESTAT:NAMQ_10_LP_ULC(1.0),24/02/23 23:00:00,Q,I15,SCA,RLPR_PER,PT,2022-Q2,103.538,
ESTAT:NAMQ_10_LP_ULC(1.0),24/02/23 23:00:00,Q,I15,SCA,RLPR_PER,PT,2022-Q3,104.146,
ESTAT:NAMQ_10_LP_ULC(1.0),24/02/23 23:00:00,Q,I15,SCA,RLPR_PER,RO,2019-Q1,120.258,
ESTAT:NAMQ_10_LP_ULC(1.0),24/02/23 23:00:00,Q,I15,SCA,RLPR_PER,RO,2019-Q2,120.137,
ESTAT:NAMQ_10_LP_ULC(1.0),24/02/23 23:00:00,Q,I15,SCA,RLPR_PER,RO,2019-Q3,121.161,
ESTAT:NAMQ_10_LP_ULC(1.0),24/02/23 23:00:00,Q,I15,SCA,RLPR_PER,RO,2019-Q4,121.068,
ESTAT:NAMQ_10_LP_ULC(1.0),24/02/23 23:00:00,Q,I15,SCA,RLPR_PER,RO,2020-Q1,122.981,
ESTAT:NAMQ_10_LP_ULC(1.0),24/02/23 23:00:00,Q,I15,SCA,RLPR_PER,RO,2020-Q2,114.87,
ESTAT:NAMQ_10_LP_ULC(1.0),24/02/23 23:00:00,Q,I15,SCA,RLPR_PER,RO,2020-Q3,118.185,
ESTAT:NAMQ_10_LP_ULC(1.0),24/02/23 23:00:00,Q,I15,SCA,RLPR_PER,RO,2020-Q4,120.963,
ESTAT:NAMQ_10_LP_ULC(1.0),24/02/23 23:00:00,Q,I15,SCA,RLPR_PER,RO,2021-Q1,121.965,
ESTAT:NAMQ_10_LP_ULC(1.0),24/02/23 23:00:00,Q,I15,SCA,RLPR_PER,RO,2021-Q2,122.551,
ESTAT:NAMQ_10_LP_ULC(1.0),24/02/23 23:00:00,Q,I15,SCA,RLPR_PER,RO,2021-Q3,124.486,
ESTAT:NAMQ_10_LP_ULC(1.0),24/02/23 23:00:00,Q,I15,SCA,RLPR_PER,RO,2021-Q4,124.75,
ESTAT:NAMQ_10_LP_ULC(1.0),24/02/23 23:00:00,Q,I15,SCA,RLPR_PER,RO,2022-Q1,125.725,
ESTAT:NAMQ_10_LP_ULC(1.0),24/02/23 23:00:00,Q,I15,SCA,RLPR_PER,RO,2022-Q2,127.829,
ESTAT:NAMQ_10_LP_ULC(1.0),24/02/23 23:00:00,Q,I15,SCA,RLPR_PER,RO,2022-Q3,130.15,
ESTAT:NAMQ_10_LP_ULC(1.0),24/02/23 23:00:00,Q,I15,SCA,RLPR_PER,SE,2019-Q1,101.713,
ESTAT:NAMQ_10_LP_ULC(1.0),24/02/23 23:00:00,Q,I15,SCA,RLPR_PER,SE,2019-Q2,102.282,
ESTAT:NAMQ_10_LP_ULC(1.0),24/02/23 23:00:00,Q,I15,SCA,RLPR_PER,SE,2019-Q3,102.239,
ESTAT:NAMQ_10_LP_ULC(1.0),24/02/23 23:00:00,Q,I15,SCA,RLPR_PER,SE,2019-Q4,102.564,
ESTAT:NAMQ_10_LP_ULC(1.0),24/02/23 23:00:00,Q,I15,SCA,RLPR_PER,SE,2020-Q1,102.726,
ESTAT:NAMQ_10_LP_ULC(1.0),24/02/23 23:00:00,Q,I15,SCA,RLPR_PER,SE,2020-Q2,96.4,
ESTAT:NAMQ_10_LP_ULC(1.0),24/02/23 23:00:00,Q,I15,SCA,RLPR_PER,SE,2020-Q3,102.98,
ESTAT:NAMQ_10_LP_ULC(1.0),24/02/23 23:00:00,Q,I15,SCA,RLPR_PER,SE,2020-Q4,102.568,
ESTAT:NAMQ_10_LP_ULC(1.0),24/02/23 23:00:00,Q,I15,SCA,RLPR_PER,SE,2021-Q1,103.915,
ESTAT:NAMQ_10_LP_ULC(1.0),24/02/23 23:00:00,Q,I15,SCA,RLPR_PER,SE,2021-Q2,103.846,
ESTAT:NAMQ_10_LP_ULC(1.0),24/02/23 23:00:00,Q,I15,SCA,RLPR_PER,SE,2021-Q3,104.891,
ESTAT:NAMQ_10_LP_ULC(1.0),24/02/23 23:00:00,Q,I15,SCA,RLPR_PER,SE,2021-Q4,106.635,
ESTAT:NAMQ_10_LP_ULC(1.0),24/02/23 23:00:00,Q,I15,SCA,RLPR_PER,SE,2022-Q1,105.221,
ESTAT:NAMQ_10_LP_ULC(1.0),24/02/23 23:00:00,Q,I15,SCA,RLPR_PER,SE,2022-Q2,104.806,
ESTAT:NAMQ_10_LP_ULC(1.0),24/02/23 23:00:00,Q,I15,SCA,RLPR_PER,SE,2022-Q3,104.494,
ESTAT:NAMQ_10_LP_ULC(1.0),24/02/23 23:00:00,Q,I15,SCA,RLPR_PER,SI,2019-Q1,105.77,
ESTAT:NAMQ_10_LP_ULC(1.0),24/02/23 23:00:00,Q,I15,SCA,RLPR_PER,SI,2019-Q2,104.888,
ESTAT:NAMQ_10_LP_ULC(1.0),24/02/23 23:00:00,Q,I15,SCA,RLPR_PER,SI,2019-Q3,106.138,
ESTAT:NAMQ_10_LP_ULC(1.0),24/02/23 23:00:00,Q,I15,SCA,RLPR_PER,SI,2019-Q4,107.329,
ESTAT:NAMQ_10_LP_ULC(1.0),24/02/23 23:00:00,Q,I15,SCA,RLPR_PER,SI,2020-Q1,102.065,
ESTAT:NAMQ_10_LP_ULC(1.0),24/02/23 23:00:00,Q,I15,SCA,RLPR_PER,SI,2020-Q2,93.764,
ESTAT:NAMQ_10_LP_ULC(1.0),24/02/23 23:00:00,Q,I15,SCA,RLPR_PER,SI,2020-Q3,105.86,
ESTAT:NAMQ_10_LP_ULC(1.0),24/02/23 23:00:00,Q,I15,SCA,RLPR_PER,SI,2020-Q4,104.028,
ESTAT:NAMQ_10_LP_ULC(1.0),24/02/23 23:00:00,Q,I15,SCA,RLPR_PER,SI,2021-Q1,105.45,
ESTAT:NAMQ_10_LP_ULC(1.0),24/02/23 23:00:00,Q,I15,SCA,RLPR_PER,SI,2021-Q2,106.9,
ESTAT:NAMQ_10_LP_ULC(1.0),24/02/23 23:00:00,Q,I15,SCA,RLPR_PER,SI,2021-Q3,108.993,
ESTAT:NAMQ_10_LP_ULC(1.0),24/02/23 23:00:00,Q,I15,SCA,RLPR_PER,SI,2021-Q4,111.962,
ESTAT:NAMQ_10_LP_ULC(1.0),24/02/23 23:00:00,Q,I15,SCA,RLPR_PER,SI,2022-Q1,112.35,
ESTAT:NAMQ_10_LP_ULC(1.0),24/02/23 23:00:00,Q,I15,SCA,RLPR_PER,SI,2022-Q2,112.658,
ESTAT:NAMQ_10_LP_ULC(1.0),24/02/23 23:00:00,Q,I15,SCA,RLPR_PER,SI,2022-Q3,110.914,
ESTAT:NAMQ_10_LP_ULC(1.0),24/02/23 23:00:00,Q,I15,SCA,RLPR_PER,SI,2022-Q4,111.382,
ESTAT:NAMQ_10_LP_ULC(1.0),24/02/23 23:00:00,Q,I15,SCA,RLPR_PER,SK,2019-Q1,103.369,
ESTAT:NAMQ_10_LP_ULC(1.0),24/02/23 23:00:00,Q,I15,SCA,RLPR_PER,SK,2019-Q2,103.45,
ESTAT:NAMQ_10_LP_ULC(1.0),24/02/23 23:00:00,Q,I15,SCA,RLPR_PER,SK,2019-Q3,103.786,
ESTAT:NAMQ_10_LP_ULC(1.0),24/02/23 23:00:00,Q,I15,SCA,RLPR_PER,SK,2019-Q4,104.48,
ESTAT:NAMQ_10_LP_ULC(1.0),24/02/23 23:00:00,Q,I15,SCA,RLPR_PER,SK,2020-Q1,101.991,
ESTAT:NAMQ_10_LP_ULC(1.0),24/02/23 23:00:00,Q,I15,SCA,RLPR_PER,SK,2020-Q2,96.041,
ESTAT:NAMQ_10_LP_ULC(1.0),24/02/23 23:00:00,Q,I15,SCA,RLPR_PER,SK,2020-Q3,105.164,
ESTAT:NAMQ_10_LP_ULC(1.0),24/02/23 23:00:00,Q,I15,SCA,RLPR_PER,SK,2020-Q4,105.611,
ESTAT:NAMQ_10_LP_ULC(1.0),24/02/23 23:00:00,Q,I15,SCA,RLPR_PER,SK,2021-Q1,104.96,
ESTAT:NAMQ_10_LP_ULC(1.0),24/02/23 23:00:00,Q,I15,SCA,RLPR_PER,SK,2021-Q2,106.326,
ESTAT:NAMQ_10_LP_ULC(1.0),24/02/23 23:00:00,Q,I15,SCA,RLPR_PER,SK,2021-Q3,106.138,
ESTAT:NAMQ_10_LP_ULC(1.0),24/02/23 23:00:00,Q,I15,SCA,RLPR_PER,SK,2021-Q4,106.14,
ESTAT:NAMQ_10_LP_ULC(1.0),24/02/23 23:00:00,Q,I15,SCA,RLPR_PER,SK,2022-Q1,105.886,
ESTAT:NAMQ_10_LP_ULC(1.0),24/02/23 23:00:00,Q,I15,SCA,RLPR_PER,SK,2022-Q2,105.62,
ESTAT:NAMQ_10_LP_ULC(1.0),24/02/23 23:00:00,Q,I15,SCA,RLPR_PER,SK,2022-Q3,105.808,
ESTAT:NAMQ_10_LP_ULC(1.0),24/02/23 23:00:00,Q,I15,SCA,RLPR_PER,SK,2022-Q4,105.841,
ESTAT:NAMQ_10_LP_ULC(1.0),24/02/23 23:00:00,Q,I15,SCA,RLPR_PER,UK,2019-Q1,101.3,
ESTAT:NAMQ_10_LP_ULC(1.0),24/02/23 23:00:00,Q,I15,SCA,RLPR_PER,UK,2019-Q2,101.1,
ESTAT:NAMQ_10_LP_ULC(1.0),24/02/23 23:00:00,Q,I15,SCA,RLPR_PER,UK,2019-Q3,101.8,
ESTAT:NAMQ_10_LP_ULC(1.0),24/02/23 23:00:00,Q,I15,SCA,RLPR_PER,UK,2019-Q4,101.3,
ESTAT:NAMQ_10_LP_ULC(1.0),24/02/23 23:00:00,Q,I15,SCA,RLPR_PER,UK,2020-Q1,98,
ESTAT:NAMQ_10_LP_ULC(1.0),24/02/23 23:00:00,Q,I15,SCA,RLPR_PER,UK,2020-Q2,80.4,
ESTAT:NAMQ_10_LP_ULC(1.0),24/02/23 23:00:00,Q,I15,SCA,RLPR_PER,UK,2020-Q3,93.8,
